patient_id,age,gender
1001,63.0,male
1002,53.0,male
1003,39.0,Male
1004,67.0,male
1005,32.0,M
1006,,Female
1007,63.0,Female
1008,43.0,Male
1009,47.0,F
1010,35.0,Male
1011,35.0,F
1012,48.0,Female
1013,60.0,Male
1014,64.0,M
1015,48.0,male
1016,150.0,F
1017,46.0,male
1018,26.0,male
1019,48.0,Male
1020,68.0,male
1021,54.0,M
1022,62.0,male
1023,26.0,Male
1024,45.0,M
1025,57.0,Female
1026,36.0,
1027,46.0,Male
1028,68.0,Female
1029,49.0,Female
1030,51.0,F
1031,66.0,M
1032,52.0,male
1033,40.0,Male
1034,39.0,F
1035,68.0,M
1036,27.0,F
1037,61.0,M
1038,31.0,M
1039,45.0,male
1040,33.0,M
1041,63.0,F
1042,42.0,M
1043,28.0,male
1044,49.0,male
1045,38.0,F
1046,33.0,Female
1047,50.0,Female
1048,26.0,M
1049,44.0,Male
1050,52.0,M
1051,31.0,F
1052,68.0,F
1053,32.0,F
1054,59.0,F
1055,38.0,F
1056,41.0,male
1057,60.0,Female
1058,64.0,F
1059,28.0,Male
1060,26.0,Male
1061,30.0,Male
1062,66.0,Male
1063,28.0,male
1064,53.0,Male
1065,42.0,F
1066,50.0,M
1067,68.0,Male
1068,58.0,male
1069,34.0,male
1070,60.0,Male
1071,38.0,M
1072,55.0,Male
1073,39.0,male
1074,32.0,Female
1075,38.0,F
1076,47.0,male
1077,64.0,Male
1078,45.0,F
1079,40.0,Male
1080,69.0,Male
1081,42.0,Female
1082,48.0,F
1083,50.0,F
1084,49.0,Female
1085,69.0,male
1086,65.0,Male
1087,53.0,M
1088,39.0,Male
1089,69.0,Male
1090,25.0,male
1091,49.0,Male
1092,31.0,Female
1093,33.0,Female
1094,48.0,F
1095,25.0,M
1096,68.0,Male
1097,32.0,Male
1098,48.0,male
1099,35.0,Female
1100,41.0,M
