patient_id,treatment
1001,Treatment A
1002,Treatment B
1003,Treatment B
1004,Treatment B
1005,Treatment A
1006,Control
1007,Treatment B
1008,Treatment A
1009,Treatment A
1010,Control
1011,Treatment B
1012,Treatment B
1013,Control
1014,Control
1015,Treatment A
1016,Treatment A
1017,Control
1018,Treatment B
1019,Treatment A
1020,Treatment A
1021,Treatment B
1022,Treatment A
1023,Treatment B
1024,Treatment B
1025,Treatment B
1026,Control
1027,Control
1028,Control
1029,Treatment B
1030,Treatment B
1031,Control
1032,Treatment A
1033,Treatment B
1034,Treatment A
1035,Treatment A
1036,Treatment B
1037,Treatment B
1038,Treatment A
1039,Treatment A
1040,Control
1041,Control
1042,Treatment B
1043,Control
1044,Control
1045,Control
1046,Control
1047,Treatment A
1048,Treatment B
1049,Control
1050,Treatment A
1051,Treatment A
1052,Treatment A
1053,Control
1054,Control
1055,Treatment B
1056,Control
1057,Control
1058,Treatment A
1059,Treatment B
1060,Control
1061,Control
1062,Treatment A
1063,Treatment A
1064,Control
1065,Treatment B
1066,Treatment B
1067,Treatment A
1068,Treatment A
1069,Control
1070,Treatment A
1071,Control
1072,Treatment B
1073,Treatment B
1074,Control
1075,Treatment A
1076,Treatment B
1077,Treatment A
1078,Treatment B
1079,Control
1080,Control
1081,Control
1082,Treatment B
1083,Treatment A
1084,Treatment A
1085,Treatment A
1086,Treatment B
1087,Treatment B
1088,Treatment B
1089,Treatment B
1090,Treatment B
1091,Treatment A
1092,Treatment B
1093,Treatment B
1094,Treatment A
1095,Treatment B
1096,Treatment A
1097,Treatment A
1098,Control
1099,Control
1100,Control
