patient_id,visit_number,visit_date,weight,bmi,glucose,systolic_bp
1001,1,2025-01-01,73.38,25.39,135.35,112.75
1001,2,2025-04-01,71.85,24.86,135.46,117.97
1001,3,2025-07-01,76.17,26.36,148.1,150.88
1001,4,2025-10-01,71.64,24.79,121.54,122.6
1002,1,2025-01-01,82.64,28.6,137.47,130.14
1002,2,2025-04-01,78.5,27.16,132.98,111.66
1002,3,2025-07-01,80.3,27.79,101.71,139.31
1002,4,2025-10-01,78.91,27.3,112.23,116.72
1003,1,2025-01-01,67.54,23.37,140.88,137.9
1003,2,2025-04-01,69.16,23.93,170.78,125.13
1003,3,2025-07-01,66.02,,91.2,147.86
1003,4,2025-10-01,69.03,23.89,102.66,139.26
1004,1,2025-01-01,82.62,28.59,136.95,132.62
1004,2,2025-04-01,79.74,27.59,140.99,149.88
1004,3,2025-07-01,83.64,28.94,100.91,118.73
1004,4,2025-10-01,79.91,27.65,135.4,149.03
1005,1,2025-01-01,76.13,26.34,102.65,132.19
1005,2,2025-04-01,71.51,24.74,104.56,143.18
1005,3,2025-07-01,73.77,25.52,144.19,138.07
1005,4,2025-10-01,79.71,27.58,121.88,108.9
1006,1,2025-01-01,67.73,23.44,139.54,130.63
1006,2,2025-04-01,69.38,24.01,117.52,141.11
1006,3,2025-07-01,68.75,23.79,135.54,145.68
1006,4,2025-10-01,68.97,23.87,101.48,122.31
1007,1,2025-01-01,77.29,26.74,132.6,156.44
1007,2,2025-04-01,77.56,26.84,103.82,145.86
1007,3,2025-07-01,77.2,26.71,137.45,145.99
1007,4,2025-10-01,75.18,26.01,147.64,143.58
1008,1,2025-01-01,64.57,22.34,125.14,130.36
1008,2,2025-04-01,65.7,22.74,148.75,130.11
1008,3,2025-07-01,66.62,23.05,139.76,133.48
1008,4,2025-10-01,64.31,22.25,96.95,107.49
1009,1,2025-01-01,69.94,24.2,119.21,121.98
1009,2,2025-04-01,68.07,23.55,127.15,123.78
1009,3,2025-07-01,71.81,24.85,102.14,124.98
1009,4,2025-10-01,74.77,25.87,122.57,138.24
1010,1,2025-01-01,62.07,21.48,156.87,150.45
1010,2,2025-04-01,58.95,20.4,120.3,136.63
1010,3,2025-07-01,59.39,20.55,107.43,123.33
1010,4,2025-10-01,53.95,18.67,104.56,154.92
1011,1,2025-01-01,66.02,22.84,126.36,105.82
1011,2,2025-04-01,68.55,23.72,145.33,135.66
1011,3,2025-07-01,69.96,24.21,93.46,157.66
1011,4,2025-10-01,65.2,22.56,94.4,126.44
1012,1,2025-01-01,88.68,30.69,101.35,110.58
1012,2,2025-04-01,88.51,30.63,80.1,110.5
1012,3,2025-07-01,91.81,31.77,146.47,128.07
1012,4,2025-10-01,87.79,30.38,121.17,165.22
1013,1,2025-01-01,75.87,26.25,115.95,130.91
1013,2,2025-04-01,75.34,26.07,122.52,101.54
1013,3,2025-07-01,76.61,26.51,,161.67
1013,4,2025-10-01,75.42,26.1,121.42,136.59
1014,1,2025-01-01,67.94,23.51,124.15,143.27
1014,2,2025-04-01,67.99,23.52,107.56,124.67
1014,3,2025-07-01,70.82,24.5,149.05,135.43
1014,4,2025-10-01,70.08,24.25,107.41,143.15
1015,1,2025-01-01,74.1,25.64,84.25,111.69
1015,2,2025-04-01,74.18,25.67,143.24,153.29
1015,3,2025-07-01,74.64,25.83,111.84,133.92
1015,4,2025-10-01,75.54,26.14,138.62,122.15
1016,1,2025-01-01,79.01,27.34,137.08,125.93
1016,2,2025-04-01,78.27,27.08,158.25,145.98
1016,3,2025-07-01,75.91,26.27,111.06,148.07
1016,4,2025-10-01,77.1,26.68,135.41,140.01
1017,1,2025-01-01,62.99,21.8,78.2,156.56
1017,2,2025-04-01,62.39,21.59,136.08,139.21
1017,3,2025-07-01,65.72,22.74,111.33,133.06
1017,4,2025-10-01,64.13,22.19,137.45,147.32
1018,1,2025-01-01,63.9,22.11,147.2,99.44
1018,2,2025-04-01,68.37,23.66,113.95,129.93
1018,3,2025-07-01,63.86,22.1,119.04,149.07
1018,4,2025-10-01,66.77,23.1,129.85,131.33
1019,1,2025-01-01,53.86,18.64,113.14,136.87
1019,2,2025-04-01,55.68,19.27,139.67,137.1
1019,3,2025-07-01,55.65,19.26,165.52,136.09
1019,4,2025-10-01,54.68,18.92,157.2,148.01
1020,1,2025-01-01,87.94,30.43,139.53,108.21
1020,2,2025-04-01,89.73,31.05,116.85,109.67
1020,3,2025-07-01,90.23,31.22,83.8,101.31
1020,4,2025-10-01,88.89,30.76,131.43,144.56
1021,1,2025-01-01,80.37,27.81,134.0,128.02
1021,2,2025-04-01,77.27,26.74,114.36,134.43
1021,3,2025-07-01,75.22,26.03,126.82,128.7
1021,4,2025-10-01,77.97,26.98,125.57,93.22
1022,1,2025-01-01,60.77,21.03,118.89,133.89
1022,2,2025-04-01,61.59,21.31,150.32,134.69
1022,3,2025-07-01,60.36,20.89,88.02,109.47
1022,4,2025-10-01,62.06,21.47,141.21,153.12
1023,1,2025-01-01,61.11,21.15,124.85,160.71
1023,2,2025-04-01,61.95,21.44,151.03,132.55
1023,3,2025-07-01,64.03,22.15,140.53,132.49
1023,4,2025-10-01,59.68,20.65,114.62,152.34
1024,1,2025-01-01,77.91,26.96,113.15,104.04
1024,2,2025-04-01,81.67,28.26,137.72,127.94
1024,3,2025-07-01,79.18,27.4,76.58,122.7
1024,4,2025-10-01,81.45,28.18,139.63,134.96
1025,1,2025-01-01,71.45,24.72,114.37,105.03
1025,2,2025-04-01,69.84,24.17,128.06,146.84
1025,3,2025-07-01,66.97,23.17,117.54,128.87
1025,4,2025-10-01,67.65,23.41,129.75,141.21
1026,1,2025-01-01,,24.64,113.61,123.3
1026,2,2025-04-01,66.14,22.89,103.69,121.61
1026,3,2025-07-01,64.22,22.22,116.17,130.86
1026,4,2025-10-01,62.53,21.64,117.96,130.63
1027,1,2025-01-01,77.56,26.84,137.03,120.69
1027,2,2025-04-01,73.67,25.49,131.59,121.79
1027,3,2025-07-01,72.69,25.15,167.48,125.34
1027,4,2025-10-01,73.89,25.57,76.16,142.77
1028,1,2025-01-01,60.18,20.82,139.37,115.42
1028,2,2025-04-01,60.28,20.86,150.48,93.15
1028,3,2025-07-01,58.5,20.24,101.91,127.2
1028,4,2025-10-01,60.03,20.77,98.77,120.18
1029,1,2025-01-01,61.57,21.3,124.36,143.66
1029,2,2025-04-01,64.38,22.28,133.07,116.89
1029,3,2025-07-01,62.26,21.54,167.49,145.22
1029,4,2025-10-01,61.39,21.24,151.64,124.18
1030,1,2025-01-01,66.11,22.87,93.81,101.29
1030,2,2025-04-01,65.2,22.56,120.55,131.91
1030,3,2025-07-01,62.59,21.66,115.23,123.13
1030,4,2025-10-01,62.06,21.48,112.36,123.8
1031,1,2025-01-01,60.62,20.98,69.94,140.27
1031,2,2025-04-01,62.49,21.62,118.3,133.56
1031,3,2025-07-01,62.26,21.54,105.52,122.01
1031,4,2025-10-01,62.77,21.72,124.15,160.65
1032,1,2025-01-01,88.06,30.47,104.77,121.53
1032,2,2025-04-01,84.19,29.13,125.6,88.89
1032,3,2025-07-01,85.28,29.51,113.87,107.14
1032,4,2025-10-01,87.79,30.38,97.22,134.02
1033,1,2025-01-01,94.62,32.74,117.03,123.89
1033,2,2025-04-01,96.63,33.44,135.21,146.59
1033,3,2025-07-01,99.38,34.39,105.53,166.51
1033,4,2025-10-01,94.3,32.63,99.35,132.55
1034,1,2025-01-01,71.87,24.87,151.6,128.2
1034,2,2025-04-01,71.12,24.61,108.11,138.82
1034,3,2025-07-01,70.26,24.31,113.62,138.15
1034,4,2025-10-01,72.96,25.25,75.84,135.41
1035,1,2025-01-01,69.19,23.94,115.0,149.52
1035,2,2025-04-01,65.95,22.82,75.39,145.77
1035,3,2025-07-01,65.61,22.7,88.39,130.24
1035,4,2025-10-01,66.82,23.12,136.46,143.39
1036,1,2025-01-01,69.19,23.94,125.74,132.48
1036,2,2025-04-01,72.09,24.95,102.5,123.99
1036,3,2025-07-01,71.97,24.9,144.95,144.49
1036,4,2025-10-01,71.12,24.61,110.25,136.06
1037,1,2025-01-01,57.45,19.88,150.2,136.03
1037,2,2025-04-01,58.39,20.2,136.58,149.3
1037,3,2025-07-01,58.2,20.14,111.45,121.71
1037,4,2025-10-01,61.01,21.11,139.47,150.79
1038,1,2025-01-01,76.82,26.58,125.62,114.12
1038,2,2025-04-01,79.06,27.36,123.41,142.53
1038,3,2025-07-01,78.3,27.09,-20.0,132.71
1038,4,2025-10-01,85.37,29.54,115.94,130.7
1039,1,2025-01-01,89.0,30.8,124.34,136.63
1039,2,2025-04-01,88.32,30.56,97.2,109.88
1039,3,2025-07-01,91.6,31.69,123.68,131.5
1039,4,2025-10-01,87.64,30.33,135.62,168.08
1040,1,2025-01-01,74.06,25.63,117.33,146.06
1040,2,2025-04-01,74.07,25.63,137.04,95.19
1040,3,2025-07-01,74.78,25.88,132.56,149.05
1040,4,2025-10-01,73.6,25.47,89.94,126.09
1041,1,2025-01-01,58.45,20.22,119.87,110.21
1041,2,2025-04-01,60.35,20.88,116.86,146.21
1041,3,2025-07-01,55.06,19.05,99.66,137.75
1041,4,2025-10-01,57.15,19.77,116.71,130.01
1042,1,2025-01-01,70.23,24.3,122.99,118.26
1042,2,2025-04-01,72.93,25.24,117.7,132.33
1042,3,2025-07-01,76.72,26.55,97.86,150.83
1042,4,2025-10-01,66.26,22.93,78.43,111.39
1043,1,2025-01-01,58.63,20.29,125.8,126.18
1043,2,2025-04-01,57.92,20.04,130.56,142.5
1043,3,2025-07-01,55.57,19.23,112.76,128.96
1043,4,2025-10-01,59.2,20.48,104.55,128.66
1044,1,2025-01-01,68.89,23.84,105.43,131.48
1044,2,2025-04-01,70.04,24.23,130.01,114.2
1044,3,2025-07-01,69.6,24.08,115.42,142.21
1044,4,2025-10-01,68.42,23.67,124.69,133.79
1045,1,2025-01-01,84.45,29.22,106.86,115.94
1045,2,2025-04-01,83.12,28.76,155.29,111.38
1045,3,2025-07-01,84.83,29.35,146.32,103.7
1045,4,2025-10-01,87.98,30.44,91.74,148.7
1046,1,2025-01-01,44.79,15.5,109.1,144.58
1046,2,2025-04-01,48.24,16.69,113.29,150.19
1046,3,2025-07-01,52.61,18.2,133.45,120.66
1046,4,2025-10-01,47.46,16.42,94.23,131.51
1047,1,2025-01-01,54.81,18.96,160.11,140.76
1047,2,2025-04-01,52.77,18.26,130.54,154.31
1047,3,2025-07-01,56.85,19.67,99.92,137.65
1047,4,2025-10-01,53.39,18.47,136.13,135.75
1048,1,2025-01-01,45.61,15.78,123.97,108.48
1048,2,2025-04-01,47.46,16.42,89.52,118.02
1048,3,2025-07-01,48.99,16.95,102.32,138.61
1048,4,2025-10-01,42.8,14.81,161.63,125.43
1049,1,2025-01-01,71.31,24.68,132.15,107.21
1049,2,2025-04-01,70.94,24.55,106.82,104.66
1049,3,2025-07-01,72.93,25.23,112.96,133.64
1049,4,2025-10-01,71.31,24.68,113.3,159.63
1050,1,2025-01-01,66.41,22.98,111.99,137.5
1050,2,2025-04-01,70.59,24.43,98.24,143.94
1050,3,2025-07-01,66.0,22.84,142.88,110.21
1050,4,2025-10-01,69.07,23.9,141.29,131.79
1051,1,2025-01-01,79.4,27.48,145.73,145.93
1051,2,2025-04-01,77.26,26.73,132.66,107.1
1051,3,2025-07-01,78.05,27.01,136.37,132.01
1051,4,2025-10-01,79.06,27.36,115.73,146.94
1052,1,2025-01-01,68.26,23.62,137.73,108.92
1052,2,2025-04-01,70.2,24.29,99.15,149.17
1052,3,2025-07-01,68.67,23.76,122.7,136.19
1052,4,2025-10-01,65.34,22.61,106.99,145.65
1053,1,2025-01-01,79.24,27.42,93.01,138.78
1053,2,2025-04-01,80.1,27.72,120.94,148.35
1053,3,2025-07-01,77.31,26.75,109.8,92.73
1053,4,2025-10-01,80.52,27.86,126.28,104.77
1054,1,2025-01-01,50.67,17.53,135.87,125.49
1054,2,2025-04-01,50.8,17.58,99.88,114.24
1054,3,2025-07-01,48.55,16.8,95.85,113.94
1054,4,2025-10-01,53.78,18.61,116.69,117.62
1055,1,2025-01-01,91.77,31.75,143.34,154.32
1055,2,2025-04-01,89.96,31.13,121.48,122.24
1055,3,2025-07-01,91.9,31.8,131.11,120.66
1055,4,2025-10-01,92.11,31.87,116.64,124.4
1056,1,2025-01-01,59.86,20.71,140.97,135.15
1056,2,2025-04-01,57.51,19.9,105.9,119.45
1056,3,2025-07-01,62.98,21.79,138.76,117.4
1056,4,2025-10-01,58.59,20.27,112.75,138.76
1057,1,2025-01-01,77.6,26.85,102.99,131.57
1057,2,2025-04-01,71.94,24.89,94.85,143.26
1057,3,2025-07-01,73.53,25.44,103.18,129.88
1057,4,2025-10-01,76.82,26.58,98.78,77.79
1058,1,2025-01-01,63.71,22.04,126.86,149.86
1058,2,2025-04-01,59.03,20.43,87.21,136.94
1058,3,2025-07-01,61.78,21.38,126.11,143.99
1058,4,2025-10-01,62.14,21.5,128.11,140.73
1059,1,2025-01-01,76.74,26.55,140.17,152.98
1059,2,2025-04-01,73.73,25.51,129.61,124.45
1059,3,2025-07-01,73.36,25.38,106.21,137.42
1059,4,2025-10-01,75.86,26.25,128.01,126.61
1060,1,2025-01-01,71.67,24.8,90.21,130.37
1060,2,2025-04-01,70.21,24.3,135.07,109.75
1060,3,2025-07-01,73.02,25.27,124.27,134.0
1060,4,2025-10-01,69.23,23.96,130.76,130.72
1061,1,2025-01-01,79.21,27.41,123.51,136.13
1061,2,2025-04-01,81.72,28.28,111.91,124.56
1061,3,2025-07-01,82.44,28.53,83.8,144.48
1061,4,2025-10-01,81.13,28.07,122.56,135.51
1062,1,2025-01-01,64.48,22.31,79.3,140.98
1062,2,2025-04-01,66.9,23.15,85.98,123.9
1062,3,2025-07-01,62.28,21.55,116.45,139.73
1062,4,2025-10-01,66.72,23.09,142.44,149.66
1063,1,2025-01-01,65.48,22.66,117.71,139.5
1063,2,2025-04-01,65.32,22.6,153.2,143.47
1063,3,2025-07-01,67.36,23.31,105.78,119.96
1063,4,2025-10-01,67.92,23.5,115.41,144.26
1064,1,2025-01-01,67.58,23.38,119.42,134.05
1064,2,2025-04-01,66.11,22.88,134.15,140.84
1064,3,2025-07-01,67.49,23.35,132.15,115.83
1064,4,2025-10-01,67.22,23.26,144.98,137.37
1065,1,2025-01-01,59.59,20.62,127.5,118.64
1065,2,2025-04-01,56.98,19.71,113.68,118.89
1065,3,2025-07-01,59.66,20.65,88.17,138.47
1065,4,2025-10-01,58.42,20.22,139.92,125.85
1066,1,2025-01-01,69.4,24.01,106.24,167.08
1066,2,2025-04-01,68.75,23.79,140.47,113.6
1066,3,2025-07-01,70.49,24.39,129.58,129.64
1066,4,2025-10-01,68.6,23.74,114.73,123.95
1067,1,2025-01-01,93.98,32.52,130.5,156.72
1067,2,2025-04-01,92.27,31.93,120.75,125.96
1067,3,2025-07-01,93.85,32.47,116.42,119.02
1067,4,2025-10-01,94.41,32.67,98.75,144.83
1068,1,2025-01-01,75.25,26.04,111.1,134.13
1068,2,2025-04-01,74.64,25.83,156.24,135.37
1068,3,2025-07-01,77.02,26.65,133.63,121.31
1068,4,2025-10-01,78.41,27.13,122.29,144.25
1069,1,2025-01-01,70.66,24.45,128.03,162.74
1069,2,2025-04-01,67.28,23.28,124.09,114.53
1069,3,2025-07-01,66.96,23.17,132.37,146.94
1069,4,2025-10-01,73.95,25.59,118.07,116.0
1070,1,2025-01-01,75.28,26.05,131.29,122.47
1070,2,2025-04-01,77.96,26.97,141.82,128.34
1070,3,2025-07-01,79.4,27.47,137.46,102.04
1070,4,2025-10-01,75.73,26.2,88.76,160.03
1071,1,2025-01-01,72.51,25.09,87.34,121.41
1071,2,2025-04-01,70.55,24.41,123.59,137.99
1071,3,2025-07-01,66.44,22.99,147.54,141.66
1071,4,2025-10-01,69.75,24.13,106.29,134.86
1072,1,2025-01-01,63.78,22.07,118.99,127.65
1072,2,2025-04-01,69.21,23.95,75.31,133.53
1072,3,2025-07-01,64.77,22.41,126.38,135.61
1072,4,2025-10-01,66.91,23.15,136.15,111.31
1073,1,2025-01-01,79.66,27.56,88.88,125.91
1073,2,2025-04-01,76.89,26.6,125.08,126.11
1073,3,2025-07-01,83.54,28.91,132.98,109.12
1073,4,2025-10-01,79.4,27.47,130.41,142.71
1074,1,2025-01-01,84.65,29.29,118.21,135.44
1074,2,2025-04-01,84.82,29.35,113.93,135.7
1074,3,2025-07-01,81.57,28.23,108.98,130.73
1074,4,2025-10-01,80.85,27.98,117.38,114.48
1075,1,2025-01-01,69.0,23.87,108.22,130.14
1075,2,2025-04-01,68.38,23.66,129.05,128.0
1075,3,2025-07-01,70.27,24.32,77.98,174.07
1075,4,2025-10-01,66.36,22.96,128.07,115.92
1076,1,2025-01-01,77.0,26.64,106.99,146.1
1076,2,2025-04-01,76.11,26.34,130.94,116.24
1076,3,2025-07-01,76.38,26.43,160.07,144.44
1076,4,2025-10-01,77.06,26.66,111.02,131.01
1077,1,2025-01-01,72.87,25.22,98.47,140.03
1077,2,2025-04-01,69.8,24.15,152.62,118.43
1077,3,2025-07-01,72.57,25.11,140.1,126.21
1077,4,2025-10-01,72.66,25.14,148.7,138.47
1078,1,2025-01-01,70.19,24.29,101.33,145.7
1078,2,2025-04-01,74.7,25.85,134.43,139.53
1078,3,2025-07-01,76.14,26.34,114.77,131.81
1078,4,2025-10-01,71.5,24.74,94.44,105.34
1079,1,2025-01-01,64.25,22.23,88.95,125.45
1079,2,2025-04-01,58.56,20.26,107.98,132.55
1079,3,2025-07-01,59.75,20.67,141.79,153.01
1079,4,2025-10-01,56.65,19.6,106.34,130.89
1080,1,2025-01-01,80.35,27.8,119.6,112.65
1080,2,2025-04-01,78.2,27.06,148.91,102.64
1080,3,2025-07-01,85.92,29.73,134.5,140.2
1080,4,2025-10-01,82.41,28.52,114.95,135.88
1081,1,2025-01-01,69.22,23.95,119.33,115.74
1081,2,2025-04-01,66.37,22.97,100.31,144.56
1081,3,2025-07-01,66.88,23.14,81.76,135.95
1081,4,2025-10-01,71.14,24.62,135.46,120.95
1082,1,2025-01-01,53.86,18.64,116.82,115.46
1082,2,2025-04-01,55.23,19.11,156.93,133.33
1082,3,2025-07-01,54.45,18.84,101.26,150.96
1082,4,2025-10-01,53.98,18.68,108.42,130.96
1083,1,2025-01-01,75.0,25.95,144.12,135.76
1083,2,2025-04-01,74.15,25.66,128.02,137.49
1083,3,2025-07-01,72.13,24.96,142.99,125.49
1083,4,2025-10-01,74.17,25.66,135.03,141.21
1084,1,2025-01-01,64.6,22.35,108.79,157.29
1084,2,2025-04-01,61.34,21.22,124.79,118.27
1084,3,2025-07-01,67.44,23.33,95.24,137.87
1084,4,2025-10-01,61.52,21.29,112.92,136.8
1085,1,2025-01-01,85.49,29.58,89.26,134.02
1085,2,2025-04-01,85.16,29.47,86.29,134.72
1085,3,2025-07-01,82.24,28.46,128.29,118.42
1085,4,2025-10-01,79.37,27.47,81.74,144.65
1086,1,2025-01-01,81.65,28.25,109.32,105.65
1086,2,2025-04-01,82.17,28.43,97.98,119.33
1086,3,2025-07-01,79.87,27.64,116.05,118.61
1086,4,2025-10-01,81.11,28.06,107.56,140.52
1087,1,2025-01-01,80.53,27.86,129.25,161.77
1087,2,2025-04-01,77.97,26.98,95.33,140.42
1087,3,2025-07-01,84.2,29.14,114.79,155.9
1087,4,2025-10-01,80.5,27.86,106.38,115.14
1088,1,2025-01-01,74.46,25.77,121.63,153.75
1088,2,2025-04-01,75.68,26.19,146.28,111.78
1088,3,2025-07-01,75.23,26.03,91.86,131.09
1088,4,2025-10-01,77.85,26.94,121.5,148.41
1089,1,2025-01-01,62.96,21.79,109.45,135.43
1089,2,2025-04-01,63.52,21.98,131.65,113.94
1089,3,2025-07-01,60.73,21.01,105.91,126.42
1089,4,2025-10-01,62.68,21.69,134.16,117.28
1090,1,2025-01-01,58.3,20.17,97.37,142.54
1090,2,2025-04-01,54.05,18.7,125.03,129.98
1090,3,2025-07-01,53.22,18.42,129.28,123.42
1090,4,2025-10-01,56.32,19.49,131.37,138.99
1091,1,2025-01-01,64.46,22.3,96.24,124.7
1091,2,2025-04-01,62.86,21.75,146.26,130.76
1091,3,2025-07-01,65.27,22.58,115.5,132.96
1091,4,2025-10-01,69.86,24.17,114.0,120.24
1092,1,2025-01-01,70.25,24.31,121.28,124.42
1092,2,2025-04-01,73.31,25.37,130.16,130.81
1092,3,2025-07-01,71.69,24.81,107.07,86.68
1092,4,2025-10-01,75.88,26.26,125.67,118.1
1093,1,2025-01-01,72.84,25.2,100.67,136.26
1093,2,2025-04-01,74.02,25.61,118.75,121.55
1093,3,2025-07-01,74.58,25.81,112.66,119.4
1093,4,2025-10-01,76.01,26.3,107.44,130.24
1094,1,2025-01-01,59.64,20.64,138.25,137.49
1094,2,2025-04-01,67.29,23.28,99.12,126.87
1094,3,2025-07-01,62.46,21.61,139.79,122.39
1094,4,2025-10-01,60.37,20.89,144.16,125.25
1095,1,2025-01-01,80.31,27.79,119.4,127.39
1095,2,2025-04-01,78.0,26.99,119.7,142.95
1095,3,2025-07-01,77.19,26.71,122.18,113.22
1095,4,2025-10-01,76.8,26.57,119.38,100.6
1096,1,2025-01-01,88.22,30.53,119.2,147.52
1096,2,2025-04-01,88.88,30.75,73.95,123.33
1096,3,2025-07-01,88.86,30.75,74.47,134.27
1096,4,2025-10-01,91.02,31.49,142.85,113.19
1097,1,2025-01-01,53.2,18.41,118.23,143.82
1097,2,2025-04-01,56.83,19.66,144.29,134.15
1097,3,2025-07-01,55.61,19.24,107.19,132.53
1097,4,2025-10-01,51.63,17.86,121.25,131.33
1098,1,2025-01-01,86.76,30.02,121.8,133.55
1098,2,2025-04-01,86.31,29.87,103.95,149.48
1098,3,2025-07-01,85.26,29.5,93.44,140.2
1098,4,2025-10-01,89.54,30.98,110.97,123.46
1099,1,2025-01-01,71.41,24.71,104.37,143.19
1099,2,2025-04-01,74.04,25.62,146.22,111.21
1099,3,2025-07-01,71.82,24.85,125.62,116.12
1099,4,2025-10-01,74.11,25.64,144.49,121.25
1100,1,2025-01-01,73.3,25.36,155.99,141.19
1100,2,2025-04-01,71.57,24.77,102.93,135.39
1100,3,2025-07-01,71.5,24.74,115.79,121.08
1100,4,2025-10-01,67.82,23.47,85.25,100.78
1006,1,2025-01-01,67.73,23.44,139.54,130.63
